timestamp,location,camera_id,image_url,visual_feature_0,visual_feature_1,visual_feature_2,visual_feature_3,visual_feature_4,dewpoint,relativeHumidity,barometricPressure,temperature,windSpeed,visibility,hazard_class,hazard_label
2026-01-01 00:00:00,san_marcos,cam_0,img_0.jpg,0.18443412206057486,0.07109812740320065,0.6284209121652937,0.8915120674432451,0.35394168028978357,4.702596690666688,21.86071172416171,1003.4279256661341,3.416011949523689,15.596587919237253,18.408098018750348,0,safe
2026-01-01 00:05:00,austin_south,cam_1,img_1.jpg,0.5056641025786385,0.3998153224914639,0.11848495428468553,0.5860229128888861,0.911657420715179,7.937984990176977,31.273083565331845,1035.5431675899422,2.827732134279609,17.777196175270397,9.26823988516781,0,safe
2026-01-01 00:10:00,austin_north,cam_2,img_2.jpg,0.2535811324478251,0.5528517090081556,0.2907701169611502,0.887333832751817,0.16728916606549493,11.583593255670099,34.04691554635116,1004.6844106190304,17.307335381148206,18.043592403382863,12.503420919916538,0,safe
2026-01-01 00:15:00,austin_north,cam_3,img_3.jpg,0.9892967678673732,0.2667982293185045,0.22474660720907957,0.5662489956954584,0.7502800127486405,17.643313958552042,67.07804410949504,1034.090185415612,10.535622360869434,42.87181238563811,14.800340444790939,4,storm_risk
2026-01-01 00:20:00,san_marcos,cam_4,img_4.jpg,0.47028807961369257,0.9592101085357244,0.37804555897821446,0.31841994477428937,0.3689763505483947,20.569828210131075,24.565768755073645,1032.0735441017828,18.1565576285616,0.4476131852606202,2.509849325863444,0,safe
2026-01-01 00:25:00,austin_south,cam_5,img_5.jpg,0.17381791876830277,0.5532532567055657,0.9522715815063792,0.7450450479712438,0.49450547452036053,8.141749309562993,45.297992622821184,1000.8595758731394,-0.43710442537968675,47.12174233362326,1.2389782498244315,4,storm_risk
2026-01-01 00:30:00,austin_north,cam_6,img_6.jpg,0.4368576048011048,0.07935806114770705,0.46207515106725794,0.13355552226020584,0.5028737442496235,8.71355867471972,44.2621961452591,1037.3081352243373,8.54489992759278,14.044174070770444,2.8585369516046324,0,safe
2026-01-01 00:35:00,san_marcos,cam_7,img_7.jpg,0.16928881469191515,0.12398988632335572,0.2802067550415738,0.22437613106656307,0.0566405175436111,10.841721778458803,33.09811745419219,1035.8767212967236,7.688399589313301,18.753639927693506,13.467977444058464,0,safe
2026-01-01 00:40:00,austin_north,cam_8,img_8.jpg,0.22837619140703302,0.5316153610833083,0.03536896397080502,0.8692240208138339,0.1436687027657012,23.703871205231415,26.373659912924605,1034.0923429282423,39.55028105632413,43.84898716698019,6.555154834364568,4,storm_risk
2026-01-01 00:45:00,austin_north,cam_9,img_9.jpg,0.5928864800118416,0.1651736811068526,0.8652941837712544,0.4613132778699369,0.47445308627605265,28.325794673662095,43.26772051769311,1033.0790373127872,15.304015873606257,29.77142689692488,4.018915124155477,0,safe
2026-01-01 00:50:00,austin_south,cam_10,img_10.jpg,0.6967961402541265,0.34965862701128825,0.2825320756294196,0.9148415943068656,0.7222225617531295,20.24457652083749,89.64039405215131,1029.1248500761967,32.1291315035807,32.17447544171325,17.92363434298203,1,wet
2026-01-01 00:55:00,san_marcos,cam_11,img_11.jpg,0.6022806954699115,0.6545652004114577,0.3897546382110748,0.5815418942662033,0.035533198484004935,2.338199484729384,48.50955599340892,1008.7101452295261,25.24740712557855,18.090861553840675,2.2291272268429316,0,safe
2026-01-01 01:00:00,austin_south,cam_12,img_12.jpg,0.9502636240836614,0.17236481323747177,0.7392164106911125,0.43670615663774137,0.01603249474831403,17.722110669382623,46.77915102694233,1000.0021955730602,1.1101848141958923,10.628426660296647,4.983907034765863,0,safe
2026-01-01 01:05:00,austin_south,cam_13,img_13.jpg,0.6884332475112667,0.1271315912985651,0.9894232876970044,0.45921585455658864,0.6302018449171386,6.380895999019786,63.92210418335225,1003.2972684821087,0.5023070845269206,31.512823388986433,13.907343066311869,0,safe
2026-01-01 01:10:00,austin_south,cam_14,img_14.jpg,0.6719779297255359,0.41731111605049365,0.8720061808242194,0.19061905085775976,0.19233314535435708,20.421594557339823,66.156198186149,1030.7453300450507,33.776638895863776,36.85889180114613,3.3465944436030957,0,safe
2026-01-01 01:15:00,austin_north,cam_15,img_15.jpg,0.41318144652167355,0.31823821781205486,0.1848797379691698,0.7252130215820578,0.21705846128051565,22.947869809962096,42.030097848032014,1030.7726965263844,16.748211321927293,32.82587468197173,2.0710366147990604,0,safe
2026-01-01 01:20:00,austin_south,cam_16,img_16.jpg,0.4536149118909667,0.7922671886965117,0.010091194389824087,0.7245765439722555,0.46895204177131844,12.125316513844101,41.45348811379094,1014.1887288509778,27.679489155307294,45.62080499972056,11.271202275484136,4,storm_risk
2026-01-01 01:25:00,san_marcos,cam_17,img_17.jpg,0.4970331668413206,0.3809515625389146,0.6639456484398566,0.8604123467891566,0.14113926222979156,7.602578702170173,88.69842027972291,1010.9945892685026,11.773872608021112,35.987361095821576,7.688497691927203,1,wet
2026-01-01 01:30:00,san_marcos,cam_18,img_18.jpg,0.3709762992133835,0.15788539849692806,0.9165404270385397,0.9685243536962379,0.9597055932644447,12.230479659549012,34.22623618595609,1009.2803689620904,39.1901049568904,5.811872998684686,16.90229392823371,0,safe
2026-01-01 01:35:00,austin_north,cam_19,img_19.jpg,0.5727544268852727,0.7952382389777902,0.5222888917333673,0.26355918221486263,0.9090138993888409,22.31964424618521,65.67608259073367,1018.4260930653388,11.949375027285043,4.6042775150635045,15.048287052496667,0,safe
2026-01-01 01:40:00,austin_north,cam_20,img_20.jpg,0.8935817582873222,0.8215047897029811,0.7831211538430661,0.11478960161443374,0.9756075916671304,12.354699825750657,93.27188443636499,1014.038929238684,22.157505048673414,24.12949744391668,10.647202190524043,1,wet
2026-01-01 01:45:00,austin_south,cam_21,img_21.jpg,0.9056570297306673,0.6601482437306389,0.8155975862125755,0.3544685311978918,0.09392168681296775,1.034820152320417,95.42575150930188,1026.893752219255,7.192450902895468,31.795608036559102,19.189957491365647,1,wet
2026-01-01 01:50:00,san_marcos,cam_22,img_22.jpg,0.5073263415694931,0.6739507540923932,0.48933840992679756,0.5152626178341091,0.3313910026350445,13.499362936434414,58.877035822568395,1033.7947505681843,-2.4625311108410615,17.314170243056132,18.337836555433967,0,safe
2026-01-01 01:55:00,san_marcos,cam_23,img_23.jpg,0.8512220821353266,0.7410753130904664,0.9289857695162116,0.6900042391393033,0.6138798984110219,20.56738258045539,95.2318805296853,1036.0673422034529,22.71110006843549,39.2294986506985,6.561665560509012,1,wet
2026-01-01 02:00:00,austin_north,cam_24,img_24.jpg,0.6833722581881935,0.38718482092898754,0.33291810018472023,0.9424889360828463,0.5114278812612562,15.09992719574986,43.944622356680476,1006.9117862889829,-4.53803643657896,18.86499855436248,0.641100709756211,0,safe
2026-01-01 02:05:00,austin_north,cam_25,img_25.jpg,0.975610038618403,0.3307124114918646,0.9620035074056111,0.9653674692842746,0.9594974745569483,18.5632867360349,42.09835590589166,1035.7863703884275,7.422470147027438,27.376349487325808,4.950486159980768,0,safe
2026-01-01 02:10:00,san_marcos,cam_26,img_26.jpg,0.03587519157156638,0.0237088112941799,0.6312359642640423,0.6109656609785189,0.6036743171747047,17.065117194448046,71.79585089480506,1037.1777163690492,-3.1815588982346514,36.25431216002527,6.654346104925275,1,wet
2026-01-01 02:15:00,austin_north,cam_27,img_27.jpg,0.24141937271329905,0.548013910995476,0.5135846890427209,0.009686874616276042,0.10009333165890832,1.801486356886186,94.47082509470248,1003.5812385487009,26.17973809661434,11.076416071811696,12.637875008249756,1,wet
2026-01-01 02:20:00,san_marcos,cam_28,img_28.jpg,0.2671203606673932,0.6126993911506894,0.0536354888683066,0.7552038485008081,0.18229890755854838,21.99858553982125,65.51842631203209,1022.9536892945362,36.881557984664774,5.237808851420139,1.6557957443174816,0,safe
2026-01-01 02:25:00,austin_north,cam_29,img_29.jpg,0.15885434576866653,0.09994771520036394,0.11711080216890324,0.47006129334756563,0.01415867097375334,27.89117682432898,30.363571415550126,1025.0832669545912,28.178287571422807,45.0410593474566,2.034864853123415,4,storm_risk
2026-01-01 02:30:00,austin_north,cam_30,img_30.jpg,0.4541569071605962,0.5865735670863179,0.13718808043440978,0.6559044043162785,0.6128033291127086,25.634895363114925,67.57993953218663,1021.1254345097468,-1.1331649201272507,47.591571425327324,10.732539970563153,4,storm_risk
2026-01-01 02:35:00,austin_north,cam_31,img_31.jpg,0.615514709895152,0.38540116154385917,0.1236423156782589,0.4545619853389118,0.40969105241907544,21.973759259554196,95.85402881433316,1029.3727177186943,14.324105002889027,30.59483619189186,8.969873418077116,1,wet
2026-01-01 02:40:00,san_marcos,cam_32,img_32.jpg,0.08872869220575752,0.8138504118891844,0.5725484319492263,0.95115055991256,0.742875446583595,5.904093482517436,75.47521969180752,1018.5669017635378,19.410772339566968,37.03816654038516,2.083630830134267,1,wet
2026-01-01 02:45:00,austin_south,cam_33,img_33.jpg,0.3817602151907443,0.012656687382820775,0.22576079775264168,0.8785812837472843,0.31380392107587995,16.56202200329361,78.00181876298673,1025.1613292574755,-2.4794638116959113,46.488858580257684,5.2911474999762635,4,storm_risk
2026-01-01 02:50:00,austin_north,cam_34,img_34.jpg,0.5048784559493344,0.6961078932200994,0.4916279349084758,0.8052142027063607,0.8427696704379751,6.696199724437014,84.8315138184583,1006.762399780523,10.507471707660454,9.671880708773767,7.354847989228113,1,wet
2026-01-01 02:55:00,austin_north,cam_35,img_35.jpg,0.26672712091213,0.3744143170821086,0.4422662608909066,0.9934293072366405,0.2620084564411337,17.523354627929915,73.69880722364492,1004.5453465393653,-2.8136880268411915,22.87519733302783,0.20503045167284173,1,wet
2026-01-01 03:00:00,austin_north,cam_36,img_36.jpg,0.6940944206298202,0.22010053093346493,0.8006284993319688,0.097582281150846,0.9685469441454125,11.740271025052257,95.3671649865708,1030.7867744672594,34.5298696464719,13.681544999441991,7.214241922406607,1,wet
2026-01-01 03:05:00,austin_south,cam_37,img_37.jpg,0.07450325812808223,0.6747109223580519,0.8030302055765205,0.36085377885290837,0.8708769139448117,5.486875608448509,25.99974028623178,1036.6002082143832,37.42871788048707,43.34455420758167,10.08249565409338,4,storm_risk
2026-01-01 03:10:00,san_marcos,cam_38,img_38.jpg,0.18514847738238527,0.033660224450000165,0.2139962341279943,0.12572996424161487,0.47373527759212597,28.2729647238508,28.28251732187293,1002.8931702508627,3.7581688500105805,38.49731131417947,18.465484760422328,0,safe
2026-01-01 03:15:00,austin_north,cam_39,img_39.jpg,0.9862362614783962,0.5016837996990916,0.7946002554288639,0.1566459760493174,0.8554696985028846,9.631821846714475,86.34891993755059,1036.7512836359667,-3.2505884964349896,17.31168567332904,11.14401469519472,3,icy
2026-01-01 03:20:00,austin_north,cam_40,img_40.jpg,0.3888011657634841,0.5682406519068828,0.8842552218259204,0.3951656557478107,0.8095092286118607,28.500822283746075,20.164963510663476,1026.763526723299,18.98853225526473,17.23202439083814,18.579157633105034,0,safe
2026-01-01 03:25:00,san_marcos,cam_41,img_41.jpg,0.9273872086518617,0.09796829714374056,0.007053690140821911,0.2923193425138445,0.8517928683907732,5.10044696802916,32.68538572614008,1006.3367208537425,31.01910620316145,8.990351086085347,14.432590023003948,0,safe
2026-01-01 03:30:00,austin_north,cam_42,img_42.jpg,0.5264375291190949,0.6390544579206577,0.1564667251244426,0.2043270521317282,0.492772426632035,4.437664848040532,31.185986257088256,1037.4722929174993,38.44970248835082,46.615672082397595,17.90018210547014,4,storm_risk
2026-01-01 03:35:00,austin_south,cam_43,img_43.jpg,0.7524383920144901,0.40575058620178694,0.06731873431851454,0.27269406224354753,0.28396667993568936,11.348293659640964,20.32560972757218,1034.0816171185902,20.336714244740715,48.55122891141403,1.5917187667698738,4,storm_risk
2026-01-01 03:40:00,san_marcos,cam_44,img_44.jpg,0.5004982142984807,0.010318662528870814,0.7338547009127051,0.0031284119538280697,0.670078045256318,16.361454429793493,46.064536627826335,1005.7292689729627,23.71432626467079,45.7298363003363,12.53894317786112,4,storm_risk
2026-01-01 03:45:00,austin_south,cam_45,img_45.jpg,0.6511113396822668,0.787813796953985,0.8910198707850292,0.31328569574945453,0.9134790910553809,2.6224196952014998,21.15473156669209,1029.1925415906142,-0.819003089424843,16.359465867971775,8.716856286401166,0,safe
2026-01-01 03:50:00,austin_north,cam_46,img_46.jpg,0.18415218218462692,0.2232620491068701,0.7860144131501172,0.9961029730930739,0.02316828884132438,19.842305451172095,37.76345646074303,1000.2617495713464,29.79807606604723,11.91543353743123,9.943189450220002,0,safe
2026-01-01 03:55:00,austin_south,cam_47,img_47.jpg,0.04974046991432435,0.26206065677938406,0.7857822092820879,0.6916262146696316,0.38103862967651336,16.86536238069131,57.01995368570489,1030.2711008585602,22.687593907957616,40.21632433337652,4.385766587045699,4,storm_risk
2026-01-01 04:00:00,austin_south,cam_48,img_48.jpg,0.7473529141055145,0.3055304183377754,0.21981181220048773,0.24462921586100272,0.876024518389378,2.452840223334708,61.305017225390614,1021.6926697781023,18.202166779912403,33.427316869151284,14.588191457347442,0,safe
2026-01-01 04:05:00,austin_north,cam_49,img_49.jpg,0.12938864441187437,0.48102906320245786,0.6722885728859241,0.11492198286432531,0.9341720903242401,26.95934947363229,79.46288617086503,1004.7775361840124,22.961676643303885,49.042622778486475,12.931014760403993,4,storm_risk
2026-01-01 04:10:00,austin_south,cam_50,img_50.jpg,0.9450106389277264,0.7749358120043535,0.11611674627607516,0.6048450649292745,0.6074626375626663,13.626389464998116,54.46579748899759,1003.1294781938494,10.780583294078168,14.629885952067722,8.787894317596868,0,safe
2026-01-01 04:15:00,austin_north,cam_51,img_51.jpg,0.4457587760532157,0.8188814096339584,0.2944087636299425,0.41668535662890505,0.30468958434395266,0.9680982094001755,66.97353454695568,1012.6903539407185,26.56291850478068,12.761867318199904,18.027706226917356,0,safe
2026-01-01 04:20:00,austin_south,cam_52,img_52.jpg,0.39069352413109304,0.8031410583595222,0.863614551034686,0.06975875975123924,0.28644185705205516,10.354482208905743,62.33095947008513,1016.8403146881194,8.103672468363907,27.858333916883147,0.524817953588831,0,safe
2026-01-01 04:25:00,austin_south,cam_53,img_53.jpg,0.06784877814741641,0.24103622524543744,0.4845970282224705,0.7498870197723141,0.5796952373651559,20.182371065874634,37.75273431831476,1028.5871826207253,3.3256754579878596,43.47221022795647,16.219544306825494,4,storm_risk
2026-01-01 04:30:00,san_marcos,cam_54,img_54.jpg,0.28967931620059884,0.6910262826919701,0.29783352349889725,0.5276847732990523,0.6593910352362955,8.415852568874298,98.5834512018638,1015.5562785693974,24.226466539086697,31.27516727302946,13.595459560527116,1,wet
2026-01-01 04:35:00,austin_north,cam_55,img_55.jpg,0.7091489415912655,0.6267130213134684,0.5046996017944947,0.7482514938704276,0.4681702222129106,0.8613266632530625,50.019175794339816,1027.7544435841662,28.91132634007659,7.378736245219825,12.235047274121053,0,safe
2026-01-01 04:40:00,austin_south,cam_56,img_56.jpg,0.7088106938818236,0.10388741267633206,0.6636150055900033,0.6813804489698995,0.7429250995591602,6.572111724562884,82.60226736226329,1033.668278952158,25.301071482660237,3.4661206912184497,19.655837492911125,1,wet
2026-01-01 04:45:00,austin_north,cam_57,img_57.jpg,0.49583207079465696,0.9199334952352267,0.5792232955343053,0.6103087567482418,0.26382286998032933,25.561766277713833,76.90882430976949,1007.6974424628891,33.69981829012631,46.75831803437762,8.4095036559516,4,storm_risk
2026-01-01 04:50:00,san_marcos,cam_58,img_58.jpg,0.15822568096890355,0.13087627020540948,0.8747622278634744,0.36935793684982754,0.015226999208876268,1.2465763675128894,68.82550892079936,1037.098372984095,39.337061559811005,47.654591866686665,14.168953896311512,4,storm_risk
2026-01-01 04:55:00,austin_south,cam_59,img_59.jpg,0.8574013216989148,0.04501726042982157,0.1822495455590667,0.7641265550432533,0.5932505815770727,25.90204818747405,74.0403142588888,1029.0225252219411,5.1460750605192125,8.714682101910887,16.187904237272715,1,wet
2026-01-01 05:00:00,austin_south,cam_60,img_60.jpg,0.2021206443555046,0.1544564655985815,0.5550664677641637,0.20929163490646718,0.2190344484373914,9.21397562131461,56.30111814285716,1000.6659664283023,16.749609488277088,18.945618431084082,17.215891042113054,0,safe
2026-01-01 05:05:00,austin_north,cam_61,img_61.jpg,0.6482812109986011,0.442938483968347,0.509965022075382,0.4636412173269706,0.383687524032555,16.383236690803972,57.68477985868634,1029.6174198034132,23.519429452315613,29.51255441928603,7.300412514682873,0,safe
2026-01-01 05:10:00,austin_south,cam_62,img_62.jpg,0.2678016293577209,0.715964593172041,0.03342043842208098,0.12572759971212544,0.6156872572128895,23.17097008473417,45.46783251787004,1028.2854102613258,18.492661392193956,30.63558439024386,1.2017944829254574,0,safe
2026-01-01 05:15:00,austin_south,cam_63,img_63.jpg,0.9630242571861254,0.7807661575795883,0.37305622777765524,0.049788406044650624,0.23250780351097622,21.88442561873522,56.296309665937144,1032.4231753429551,19.689054286580813,1.4217112268873955,12.236888383244757,0,safe
2026-01-01 05:20:00,san_marcos,cam_64,img_64.jpg,0.29418716758887464,0.41983895868821697,0.29583936964478286,0.06466411924409232,0.2868599028318539,2.897583432206158,87.67081634939996,1033.9445322742602,21.48669155230768,15.525432018793156,16.454047714533292,1,wet
2026-01-01 05:25:00,austin_south,cam_65,img_65.jpg,0.9405281101143619,0.8706100478076936,0.674424539362291,0.3045251926801773,0.7004834444721587,10.588345161937115,58.773558399044106,1019.4897013521239,-2.630850959561517,6.585579736702185,8.468049006273038,0,safe
2026-01-01 05:30:00,san_marcos,cam_66,img_66.jpg,0.09048516952621632,0.7435950603484363,0.5470957771436993,0.15506115308102708,0.059723654630630785,24.550250952947714,26.666367964978566,1019.215844692182,-1.5164582421988637,7.7074793526858425,16.930242642995058,0,safe
2026-01-01 05:35:00,austin_south,cam_67,img_67.jpg,0.43732438551280606,0.8757406056176195,0.7632795163376763,0.0686751923767559,0.7243642016431157,11.613305177183644,54.62216663536229,1031.9440177952702,30.794381052652163,27.747434481583483,16.41742734047582,0,safe
2026-01-01 05:40:00,austin_south,cam_68,img_68.jpg,0.6826426833436614,0.09707149059941944,0.252714548247567,0.9085363179578584,0.7808045508072917,8.74427128822829,62.15526758802778,1006.3286052100328,34.78487332452302,3.000353582545867,5.453739839201449,0,safe
2026-01-01 05:45:00,austin_north,cam_69,img_69.jpg,0.25867882013431664,0.6892953168773606,0.32983498740637895,0.479908508061928,0.6467728333931749,16.30880777348382,81.97466833604682,1033.859063742082,34.78811245058756,47.96918335673431,2.8311711762578047,4,storm_risk
2026-01-01 05:50:00,san_marcos,cam_70,img_70.jpg,0.12389943813656012,0.41756494167745206,0.8538099085517643,0.5567638868338654,0.9140925734594003,15.044121439647437,47.812741534743054,1023.9771144983736,21.07694432267576,24.75049653809475,8.879877779882603,0,safe
2026-01-01 05:55:00,austin_north,cam_71,img_71.jpg,0.45911460168956464,0.9405913602471807,0.3249172625967047,0.10675339522907135,0.14095433494619314,16.58214666239542,57.288314658747204,1037.5748979269304,38.13249075432889,25.581100532816812,9.117856970477694,0,safe
2026-01-01 06:00:00,austin_south,cam_72,img_72.jpg,0.2032730393879295,0.8995736883833192,0.4702799998186582,0.5147003778353388,0.8330391271562575,1.497856886796014,83.7264348157188,1007.134234713638,19.722546997076687,13.69491239030896,2.243218027937293,1,wet
2026-01-01 06:05:00,austin_south,cam_73,img_73.jpg,0.7446158899768696,0.34195065831031934,0.6915903792890923,0.10500166873874972,0.6092275156876248,19.88629196732608,36.600760372673946,1023.4544149451983,37.423973448334664,34.35695615497688,14.577082832479592,0,safe
2026-01-01 06:10:00,austin_south,cam_74,img_74.jpg,0.8718732928980243,0.9490017706803285,0.8793939598494309,0.6062543003165718,0.3572798796880553,23.762295361641893,45.985342984364024,1028.4014155494892,6.705871632288494,22.88690911966369,8.939837702628905,0,safe
2026-01-01 06:15:00,austin_north,cam_75,img_75.jpg,0.9674982354130687,0.19304811280231216,0.23397894365553862,0.7064610206300328,0.5091532106048328,1.2791401550185533,79.63961845801775,1007.9455389394874,7.9608347547848926,32.57158406459737,12.731629161772714,1,wet
2026-01-01 06:20:00,austin_south,cam_76,img_76.jpg,0.8332508382274992,0.10700431845961877,0.44584422708948657,0.6655113643193407,0.7044464385871225,24.490634934786513,57.551660998657056,1002.3774858449231,4.525871313350205,36.21458246030897,18.194372472474345,0,safe
2026-01-01 06:25:00,san_marcos,cam_77,img_77.jpg,0.7697651306450253,0.6986974965796152,0.3752901180098219,0.8556473034331323,0.7675416011323732,5.850606383374931,60.33808926325936,1001.1233211637377,1.1192208683276261,37.192340500427974,6.794423639557532,0,safe
2026-01-01 06:30:00,austin_south,cam_78,img_78.jpg,0.08407575527509115,0.13271284573321385,0.4889054188889499,0.32291016345459445,0.316660518042847,14.23928987554355,36.30034973140687,1029.692447919988,14.162454439387542,16.8881509062614,15.273379765734555,0,safe
2026-01-01 06:35:00,austin_north,cam_79,img_79.jpg,0.2597301282085668,0.5939096645522004,0.9948924823727971,0.8277442852809863,0.2980396727630661,25.51385137956185,26.596817462160452,1031.3649209591767,15.809563591665981,9.961212749741112,4.298784942763599,0,safe
2026-01-01 06:40:00,austin_south,cam_80,img_80.jpg,0.8888407637102443,0.392081279435052,0.09282838477116007,0.6275295423835734,0.4646948801972558,14.470301710538951,93.62931926059615,1011.9613072384656,28.708712691326575,46.10123905872697,0.5278706830501714,4,storm_risk
2026-01-01 06:45:00,austin_north,cam_81,img_81.jpg,0.24933111320604073,0.12119904063065878,0.2157928597956147,0.9509819113108456,0.74730715433631,18.030178766923118,73.6322000440903,1005.366465947712,-2.8919072229075553,41.69035211283166,9.415453455390251,4,storm_risk
2026-01-01 06:50:00,san_marcos,cam_82,img_82.jpg,0.5723984872141402,0.43547711457287297,0.8673852823099418,0.8053125708787491,0.0894427636834857,28.515462275111563,49.706638800395936,1004.5733776936416,19.642683979909318,23.575348880153115,15.46104062550472,0,safe
2026-01-01 06:55:00,san_marcos,cam_83,img_83.jpg,0.37092637664112826,0.028300556433720314,0.8528124623251028,0.6864833676425974,0.6225432459302718,5.005743242023961,50.54221562867489,1029.8303790981918,20.326894356140127,1.6082462712099066,14.803305147549308,0,safe
2026-01-01 07:00:00,san_marcos,cam_84,img_84.jpg,0.7338567984826304,0.859436444214186,0.29939975949404307,0.18684886345452234,0.8035177589961291,19.774615593577032,29.77625656587349,1020.4712480873349,14.98974041831401,29.134029482893602,10.325684763876065,0,safe
2026-01-01 07:05:00,austin_south,cam_85,img_85.jpg,0.2240403023298111,0.8368255660443221,0.41655875556239286,0.7794287539557972,0.37184457271774984,17.069993468270376,53.538612543578736,1026.924791974392,26.914662070796336,28.275058093506765,2.5743721782450986,0,safe
2026-01-01 07:10:00,san_marcos,cam_86,img_86.jpg,0.038754211421983764,0.027398042737337258,0.5678601207916617,0.08124938969823392,0.6247205294228334,0.8245059708552627,38.689886207565316,1034.9888294856119,5.086009926101374,25.754268421086046,10.972127161934639,0,safe
2026-01-01 07:15:00,austin_south,cam_87,img_87.jpg,0.7159470484474594,0.7983851935175698,0.6138987382765754,0.962588189584852,0.9920981694298897,7.668242468400745,77.41338206460183,1033.209317112588,5.4223071290921006,36.7871295127809,7.935775335533616,1,wet
2026-01-01 07:20:00,san_marcos,cam_88,img_88.jpg,0.06834709608121381,0.2810527095926144,0.38031935815104456,0.8983908071353027,0.115458594164079,0.3784703141610679,75.3693404536497,1036.9727423591996,-0.9845195971018539,8.964198621313196,0.7874543501894932,1,wet
2026-01-01 07:25:00,austin_south,cam_89,img_89.jpg,0.0031298529406016407,0.20893853827223918,0.01170293113427634,0.18930180328592483,0.037323728075470575,1.4248054696782886,61.952818620673284,1018.5816831005629,14.130118170212725,29.244907725683078,5.4387752197875425,0,safe
2026-01-01 07:30:00,san_marcos,cam_90,img_90.jpg,0.9165915329047692,0.6226477124313846,0.6030470730291501,0.9669783001528021,0.05880366032609241,24.03404117038367,77.2893936902592,1007.9035665389719,25.247988676636396,18.724758789239683,12.811366941675331,1,wet
2026-01-01 07:35:00,san_marcos,cam_91,img_91.jpg,0.5173572954337179,0.646188556818906,0.26863655272761544,0.5255216335991895,0.10269477465744736,15.96316513090885,59.829783646701166,1012.4326633431218,12.525692677591525,48.70094646184411,3.5026146003716843,4,storm_risk
2026-01-01 07:40:00,austin_south,cam_92,img_92.jpg,0.7235012464359379,0.7918390568715556,0.15721596681699834,0.3385613172915024,0.12343049464530376,14.060315665416965,39.53340918199232,1035.4856383998451,1.4222432614004834,26.54234044786995,1.2354562320128866,0,safe
2026-01-01 07:45:00,austin_north,cam_93,img_93.jpg,0.282404143825282,0.8556448608107478,0.2673619458608667,0.39759173150651306,0.9834934633422665,12.235433200274484,84.70592147152142,1006.9691162680829,-4.014522931375377,34.06472877263392,5.4808427792538,3,icy
2026-01-01 07:50:00,austin_north,cam_94,img_94.jpg,0.8773970780864413,0.8248978978815388,0.7379978853845263,0.29677846598136903,0.5935121286159086,9.810684353748599,89.35769636932815,1026.1093900948022,2.2999267545295483,44.63625299206221,11.483070320728512,4,storm_risk
2026-01-01 07:55:00,san_marcos,cam_95,img_95.jpg,0.17470990869332192,0.6018225908204123,0.0069062317920620675,0.6877181812648008,0.9860252999766851,23.17992454021479,92.32581922053214,1026.5289655573667,36.36109078521177,15.061113243312525,15.37598645843607,1,wet
2026-01-01 08:00:00,austin_south,cam_96,img_96.jpg,0.5935361778915067,0.8280198610209542,0.6609731844125883,0.5153073738579763,0.45190082219739514,21.089883935925823,36.374414802247315,1027.6748469064132,-3.7026765844735814,31.101936123556705,9.146978013668257,0,safe
2026-01-01 08:05:00,austin_north,cam_97,img_97.jpg,0.29468933590830426,0.48751634260986176,0.6021038761037052,0.4391328728671745,0.9976915277900072,13.32384203943103,21.34268111095014,1015.2530881820843,17.10302834381753,36.9355606043456,18.52715154137015,0,safe
2026-01-01 08:10:00,san_marcos,cam_98,img_98.jpg,0.4138019783745861,0.0005152726530271989,0.7817378971854282,0.776463070953891,0.7307935829709497,7.4702371715511156,87.13209704393077,1025.2117580768456,20.439710011412693,20.969549320077174,18.871430663056614,1,wet
2026-01-01 08:15:00,austin_north,cam_99,img_99.jpg,0.4798114964439335,0.30602600168998284,0.09689674006689153,0.5551617068691811,0.8502036359565528,6.268207983341995,81.31760311073717,1007.8517226586116,18.02806617565121,27.54461899032801,9.332356151501191,1,wet
2026-01-01 08:20:00,austin_south,cam_100,img_100.jpg,0.3736561867616446,0.07090854171328964,0.6242988807990909,0.08979577124949456,0.27099681471661163,12.37884762947366,65.73819354930879,1027.9364331483112,24.227363337408764,12.206389523238382,4.205891958995666,0,safe
2026-01-01 08:25:00,san_marcos,cam_101,img_101.jpg,0.6071360973153559,0.2097982161984845,0.03536599877932933,0.5103738565689744,0.2654420771386631,15.072585801878311,85.79675557707021,1005.4024236448873,17.61669038953632,42.84214647932469,6.969505015912056,4,storm_risk
2026-01-01 08:30:00,san_marcos,cam_102,img_102.jpg,0.4627626640960766,0.44081665055642083,0.025501365287785127,0.21748053670591516,0.5050904711984723,25.954685907178508,99.6056413391595,1008.1695165072302,32.61775430277485,15.000193981132648,14.520405681077388,1,wet
2026-01-01 08:35:00,san_marcos,cam_103,img_103.jpg,0.8719725505946951,0.040979927313040565,0.20614642991177445,0.4869908456260633,0.8829713859374433,7.95118592032734,45.14297373676777,1011.3232435381734,19.459163987273783,34.658222804712715,19.209957060497914,0,safe
2026-01-01 08:40:00,san_marcos,cam_104,img_104.jpg,0.359792082869809,0.8282859395639088,0.11198203046397537,0.19822600823584835,0.6798998079319822,14.897290730581664,40.525554513267934,1019.9455966615063,24.16914058036093,12.654912632595632,12.388164029318675,0,safe
2026-01-01 08:45:00,san_marcos,cam_105,img_105.jpg,0.38183589090241576,0.5233657027517435,0.9951129707525339,0.8250149467700736,0.9481335133215077,4.878739403153447,99.68057336453995,1035.5944177081385,28.765009267669846,10.328602619310628,13.333171480409394,1,wet
2026-01-01 08:50:00,austin_south,cam_106,img_106.jpg,0.6390959610732309,0.13154498066577514,0.8834339009927737,0.08592436987038798,0.42529516852947724,11.713626699892117,54.37628978448406,1008.1266839938403,38.613661124400345,25.222585249392765,15.615087488586767,0,safe
2026-01-01 08:55:00,san_marcos,cam_107,img_107.jpg,0.37725081485827083,0.9896992277664147,0.7658150172888148,0.19791041659371134,0.27294075194928047,11.880645893591165,53.175305164614464,1032.5847527100111,34.4783183271957,14.036446478122134,14.039428844201836,0,safe
2026-01-01 09:00:00,austin_north,cam_108,img_108.jpg,0.16629517506956915,0.9128710650070861,0.34816876058048274,0.1683561929315781,0.9751810488164943,19.441446302725474,60.3625641215286,1012.2618224032668,21.686243096786036,3.663097103159385,1.6985776531595673,0,safe
2026-01-01 09:05:00,austin_south,cam_109,img_109.jpg,0.2930096436536098,0.4264452004596385,0.16619924559539845,0.022467982319745228,0.4792078806708888,10.844703635483285,58.86888837704254,1035.6266493958321,16.130442115691224,43.708766567041806,14.305677678264052,4,storm_risk
2026-01-01 09:10:00,austin_north,cam_110,img_110.jpg,0.822346194805859,0.81377110625403,0.05457457176703684,0.9720757007596798,0.09355678219339081,14.306842012239505,33.55663360266035,1001.6688027246462,18.510127368289222,29.620545234215555,13.36398491915402,0,safe
2026-01-01 09:15:00,austin_north,cam_111,img_111.jpg,0.4956712043974607,0.7897611557210843,0.16840081242126037,0.443923824813214,0.5130705137428853,20.77157127716262,59.32799455467168,1021.4463750008196,26.99169936265578,24.940330043580715,10.373352425420677,0,safe
2026-01-01 09:20:00,austin_north,cam_112,img_112.jpg,0.9148831551958323,0.40656714584073583,0.6659938428259925,0.14542372336844345,0.08749615126146504,17.334270854600163,39.38034958740356,1024.8377100210735,13.882331354578849,23.953817082651895,0.6148605882997694,0,safe
2026-01-01 09:25:00,austin_north,cam_113,img_113.jpg,0.3796639996300003,0.4949772232246731,0.7480729196193181,0.9718229231993326,0.6943134299127226,16.38262264737613,59.339589650966204,1037.2636312782322,21.8617493179517,22.37340402541721,15.857639727978066,0,safe
2026-01-01 09:30:00,austin_north,cam_114,img_114.jpg,0.3494360425977834,0.9134895244759083,0.26067296627052894,0.582750291350492,0.6900175643764236,9.403433929171305,65.12434910665743,1004.1207027882411,35.60859806388552,49.26374855442017,0.17999042682515667,4,storm_risk
2026-01-01 09:35:00,austin_south,cam_115,img_115.jpg,0.670549647592968,0.5121247434533408,0.1659192103942566,0.20356200793145318,0.4477285301438606,21.773635689893414,84.82026442840494,1009.4326342371394,11.469353059609947,49.974439307472096,5.5182065842181265,4,storm_risk
2026-01-01 09:40:00,san_marcos,cam_116,img_116.jpg,0.48645200795322907,0.5574240871467779,0.4836693876250865,0.8376023802677903,0.5504147277484838,23.66320486760211,98.52754145974922,1026.6871714768092,14.200610698241352,25.094406641815926,0.8513194782905843,4,storm_risk
2026-01-01 09:45:00,san_marcos,cam_117,img_117.jpg,0.004970315338671205,0.11235097402710725,0.29799038764931274,0.3344551893266241,0.6586095306397205,13.745859085279799,40.9954735701998,1033.5447162318605,38.49410337450819,34.298243660997194,18.837722132641098,0,safe
2026-01-01 09:50:00,austin_south,cam_118,img_118.jpg,0.5674998727158636,0.12126974171745086,0.8322410756417657,0.9558465009631086,0.012413312535563215,25.986956261765688,53.60413177549586,1020.6418677693342,15.506083844322525,2.071982505243153,0.861991923759585,0,safe
2026-01-01 09:55:00,austin_south,cam_119,img_119.jpg,0.7769182119034693,0.7692227398575966,0.7425746915668121,0.6331587030692051,0.19082816066850306,9.017884868967599,30.775848218455863,1008.5573058718973,36.438098855663284,8.229164485817197,11.486815763354281,0,safe
2026-01-01 10:00:00,austin_south,cam_120,img_120.jpg,0.0006928162573427432,0.4896987794891696,0.40556543135181766,0.4348433552795201,0.29432926394250214,17.161064944711857,56.275114182487144,1035.9713518213193,11.992373000552217,19.898416571804972,1.234525209581328,0,safe
2026-01-01 10:05:00,austin_south,cam_121,img_121.jpg,0.6328940808892864,0.6876875507740522,0.34917310330253704,0.5561796393693799,0.5993642180827788,9.798585579488305,21.88983824047864,1020.4996851852966,18.22823979888712,38.4510714203074,11.59384419994583,0,safe
2026-01-01 10:10:00,austin_north,cam_122,img_122.jpg,0.15424619455292865,0.4114338403739367,0.20435193075063918,0.35426166689504457,0.30992087296089654,4.305399132763745,20.67083753407834,1019.6917930365875,16.338517370093548,32.016722262920624,5.698743143917642,0,safe
2026-01-01 10:15:00,san_marcos,cam_123,img_123.jpg,0.39095033679221414,0.8618244895703786,0.17615774682800733,0.42592369691264054,0.809941597498598,25.594312315678582,89.51500231277484,1012.3791044367351,17.761743990488764,42.124754718596705,6.017237484460764,4,storm_risk
2026-01-01 10:20:00,san_marcos,cam_124,img_124.jpg,0.13522612764161757,0.055507047371674445,0.5323136763454709,0.18426477112738615,0.9294123282433399,17.100195025340952,70.91332425739168,1028.4058485669448,29.078281255232653,6.464830465938487,4.225909092968736,1,wet
2026-01-01 10:25:00,austin_north,cam_125,img_125.jpg,0.6696758269966181,0.3339472735617356,0.5193076216902374,0.8686384645058828,0.7572621806744955,7.8336440192633585,89.71444819639323,1016.3277850334173,-0.27824561833304795,46.38021983557358,10.653280397998387,4,storm_risk
2026-01-01 10:30:00,san_marcos,cam_126,img_126.jpg,0.1457055210965571,0.4969357876158317,0.012811127921650178,0.3644050553898591,0.2587661152518127,18.662612897811233,58.099422301375476,1021.4637804258801,17.31402706658473,46.208756103351696,18.389826613494073,4,storm_risk
2026-01-01 10:35:00,austin_north,cam_127,img_127.jpg,0.8150334098762778,0.4897081347472332,0.13140600364702915,0.001815614650685471,0.21356114791428382,17.950957711653388,39.27329618254409,1020.5641742903188,2.4496148231251054,20.227729743382326,9.161117351475943,0,safe
2026-01-01 10:40:00,austin_north,cam_128,img_128.jpg,0.09561236417042818,0.506703505124638,0.4442014415357781,0.18022799277423374,0.5350652544029723,2.106492327210967,67.0285423984034,1012.6726255191901,14.729523906055775,17.937226859379845,10.94148601741309,0,safe
2026-01-01 10:45:00,austin_south,cam_129,img_129.jpg,0.14973519043426375,0.8907687806049034,0.4885025761294437,0.9304095214544915,0.044952762270124014,20.97752493134023,65.41262721846381,1014.2520867076704,7.330267978681556,19.67910613071663,15.341838850909747,0,safe
2026-01-01 10:50:00,san_marcos,cam_130,img_130.jpg,0.08978312217240947,0.9585658199414835,0.1419115356464934,0.5387012573794848,0.40724596816188374,4.980870332319815,28.557020241832518,1028.157349292806,31.78959996903866,31.58192784477215,8.184138510779528,0,safe
2026-01-01 10:55:00,san_marcos,cam_131,img_131.jpg,0.21500391320557566,0.3720185106591051,0.010628862596688049,0.04463087023318457,0.7807858600059223,17.57960234116327,65.8193490989272,1005.9282817749684,31.803390164204245,22.33155613831596,13.838067398946281,0,safe
2026-01-01 11:00:00,austin_north,cam_132,img_132.jpg,0.9503108868156752,0.20712483660622194,0.717898506154626,0.4446655139893009,0.5557813687842249,16.460709546610065,79.50139301677764,1012.2271074944659,33.183115712885765,48.783277695744,16.67991992513075,4,storm_risk
2026-01-01 11:05:00,san_marcos,cam_133,img_133.jpg,0.4048890916756128,0.8932555274240681,0.10628523398716849,0.09943972805984469,0.9077249526421922,20.622661934316863,20.997734647998662,1016.3209986447614,33.03856613189783,32.53170111022106,14.71618621425631,0,safe
2026-01-01 11:10:00,austin_south,cam_134,img_134.jpg,0.027425923983984135,0.9357335890954908,0.7543286205061256,0.8524963071458261,0.640694188454079,5.439208405716352,83.30736325790159,1024.2847796361575,19.874535637418763,20.76947285046361,12.650436002124861,1,wet
2026-01-01 11:15:00,austin_north,cam_135,img_135.jpg,0.0630129687548946,0.17117786868201101,0.7371300847507354,0.7270251781757356,0.7002248140402381,2.2250653861881453,71.54279902751301,1024.1956382119138,21.077046787545477,37.48151793118837,11.342559769074294,1,wet
2026-01-01 11:20:00,austin_south,cam_136,img_136.jpg,0.8954748504773634,0.664857989260959,0.9059420249019295,0.15452759256108262,0.646765764771968,18.35364240447034,97.7637040208246,1031.416971781289,11.931931243166765,33.403009809080544,11.5405091167156,1,wet
2026-01-01 11:25:00,san_marcos,cam_137,img_137.jpg,0.5771961794706806,0.6846245709208799,0.5050306338532132,0.14684605869767609,0.9168882048614608,12.923156666812778,72.17281361166806,1019.8892973252339,12.064458496466312,44.931109062772364,6.85352753521362,4,storm_risk
2026-01-01 11:30:00,san_marcos,cam_138,img_138.jpg,0.05968904845431333,0.9051360415505562,0.036839913060687346,0.2588810725567018,0.20534763951591528,20.01510414107971,60.176474421729154,1007.8043503986147,6.97606552341974,1.0026739020343511,15.532892629883161,0,safe
2026-01-01 11:35:00,austin_north,cam_139,img_139.jpg,0.11507639644780421,0.9446272015084483,0.15671701874443356,0.6701142298585657,0.47522997743452056,1.8981525812375821,53.603662384787384,1031.9415506385926,12.198764266361014,25.991216491799296,14.14246564235341,0,safe
2026-01-01 11:40:00,austin_north,cam_140,img_140.jpg,0.9372757399631431,0.728937891950859,0.5534035657813796,0.1161454633115293,0.3979446734605401,7.843954433745322,51.172065821404345,1004.3795639425829,4.44108226977165,34.90134034781082,7.649615685641457,0,safe
2026-01-01 11:45:00,austin_north,cam_141,img_141.jpg,0.2365033110679704,0.9735496273348707,0.0650593323459383,0.5439780558050842,0.25587823073354843,9.836569891196959,42.28603103722947,1015.0521642164957,16.146119271605993,47.40366998755982,8.735538132566667,4,storm_risk
2026-01-01 11:50:00,austin_north,cam_142,img_142.jpg,0.8203726801940915,0.12053898744886837,0.9899728881246,0.42793367621601086,0.9374636231759743,3.7391353348754075,26.167965460017122,1037.5869885000307,4.11107962341875,23.340894945246227,13.773060552218025,0,safe
2026-01-01 11:55:00,austin_south,cam_143,img_143.jpg,0.9583245453253748,0.13636059712884663,0.8318636128110122,0.6065864179453233,0.2813887683933928,2.5376296198828205,25.360849199877524,1028.938892960085,-4.927470760304599,3.6339413403181533,12.993395579992553,0,safe
2026-01-01 12:00:00,austin_north,cam_144,img_144.jpg,0.48556667445662005,0.5455642767497138,0.18304728524862302,0.697365650310643,0.3804502106383184,13.001668696098097,31.626016848800916,1001.1595179323974,35.73400700173504,31.213748059935785,19.369004970643104,0,safe
2026-01-01 12:05:00,san_marcos,cam_145,img_145.jpg,0.18317173304391754,0.7169805344388744,0.7514474394868034,0.771877656524823,0.8112234579958061,8.757563344447385,53.23188241616981,1036.983917243704,12.443034427949005,41.53983079012104,5.059725448623959,4,storm_risk
2026-01-01 12:10:00,austin_north,cam_146,img_146.jpg,0.7497204879701459,0.9098376813810178,0.7242412048616099,0.9625851511794199,0.595208318597499,23.37493119822996,60.83940810360707,1015.5687005268686,18.24162568557015,1.9263055936182605,8.07444426811599,0,safe
2026-01-01 12:15:00,austin_south,cam_147,img_147.jpg,0.7774684263209931,0.36123081612828756,0.394642833808317,0.5031548936691984,0.9694888825102029,16.75656751762179,72.5628864773206,1004.8314245449833,-1.0416960631142,37.01163613498711,11.343326890039448,1,wet
2026-01-01 12:20:00,austin_south,cam_148,img_148.jpg,0.9902368951788452,0.07926304074906476,0.37972928612827483,0.7901027641930334,0.23980571549755858,20.777218075425132,78.21370281706008,1013.0757904715327,37.931230501805324,48.3351947953086,4.597879487395758,4,storm_risk
2026-01-01 12:25:00,san_marcos,cam_149,img_149.jpg,0.03056864230178613,0.16925786258434916,0.3924855679815755,0.6406810765552597,0.8750706694717242,28.16837554317758,23.608469706900685,1009.915835889873,28.109972899199278,45.05162452361257,4.899199374143057,4,storm_risk
2026-01-01 12:30:00,san_marcos,cam_150,img_150.jpg,0.22799586002218353,0.004357571644157843,0.3538782836359149,0.2713401271843149,0.6052464115846281,29.31040689488267,38.80102240687827,1032.428457698196,1.6424689996214772,47.950846630758996,2.2242283643045604,4,storm_risk
2026-01-01 12:35:00,san_marcos,cam_151,img_151.jpg,0.21267636458569672,0.46191512229114307,0.9672484569463554,0.775732123964317,0.20230755678713308,22.92153674491205,23.33633261819033,1016.8143637810992,26.672545111447086,42.05708117346262,13.12052499215022,4,storm_risk
2026-01-01 12:40:00,san_marcos,cam_152,img_152.jpg,0.5790042144455393,0.4055305122002495,0.32053958805267013,0.5598884403584684,0.7481493372933692,12.885987902312587,60.312494058515014,1002.4995414893004,3.856941376105741,43.962669390293776,8.388242742758111,4,storm_risk
2026-01-01 12:45:00,austin_north,cam_153,img_153.jpg,0.4531811264597656,0.005263692140545451,0.7719720931860273,0.5188137672832199,0.20034496184490613,4.147074429700756,58.68269277527783,1012.1873647208661,39.47167047391048,46.13712410277303,5.086349232191783,4,storm_risk
2026-01-01 12:50:00,austin_south,cam_154,img_154.jpg,0.8579741320114058,0.32332185290293003,0.4980041351877348,0.8493007296961204,0.37948060632403924,14.560202537749054,80.72728729863161,1025.224597350809,25.294355697929973,48.651336630620435,4.484573585062428,4,storm_risk
2026-01-01 12:55:00,austin_north,cam_155,img_155.jpg,0.20035329476310404,0.4433354589493448,0.6907344922005547,0.1488304197549879,0.0745453983449973,21.09192097792141,59.73897067176595,1013.298510789522,39.255791207509624,4.255305675376691,12.10707949967377,0,safe
2026-01-01 13:00:00,san_marcos,cam_156,img_156.jpg,0.687454163984784,0.5701930276693878,0.2508310633237696,0.4090105587187176,0.825139419220398,10.399947451284971,32.89932298354869,1018.4651183171704,17.94296705023931,25.49565775992336,19.575902448129806,0,safe
2026-01-01 13:05:00,austin_north,cam_157,img_157.jpg,0.695973653807781,0.9744103114766808,0.8412466773647831,0.8917667416852417,0.8402878063010948,12.405685062983826,29.437370539100858,1032.1467922952424,11.568746943377828,49.54807924948771,16.521313395576424,4,storm_risk
2026-01-01 13:10:00,austin_south,cam_158,img_158.jpg,0.5733648425226544,0.5891423328853526,0.0504806389956064,0.29188403417179576,0.34832207363391754,19.443773524916402,22.84067763548154,1032.9365765041207,3.1559127792932316,43.22936802880501,6.199545776587412,4,storm_risk
2026-01-01 13:15:00,austin_south,cam_159,img_159.jpg,0.18768334490787142,0.343484832764855,0.2554178766342182,0.7801674003197523,0.1421980302845397,15.498216552041084,67.07322007905019,1001.197921436509,3.9136025173758036,26.129368686673697,17.171063438778585,0,safe
2026-01-01 13:20:00,austin_south,cam_160,img_160.jpg,0.8062525177978702,0.1355424230245551,0.5770733357941848,0.37747655962634885,0.28084093116353037,17.02935119511552,45.15801448871037,1039.7106106630786,15.40002855899954,22.269688875638778,3.9218404473780577,0,safe
2026-01-01 13:25:00,austin_south,cam_161,img_161.jpg,0.075509060771078,0.3169876397577597,0.9830691073310751,0.2160519856174895,0.42685091483799475,21.19225003793174,33.252221532272735,1007.9319197966568,19.367389245341187,13.704231316364467,1.2148810990979275,0,safe
2026-01-01 13:30:00,san_marcos,cam_162,img_162.jpg,0.6993630670149522,0.046546397411747154,0.23123735348631902,0.5047597725547547,0.8283533768364029,23.328426041186944,67.47248600948723,1015.2611037318741,15.039936594346774,37.17381358068058,1.5461907823693333,0,safe
2026-01-01 13:35:00,austin_south,cam_163,img_163.jpg,0.4461287914691593,0.005113674353927844,0.3043385169072239,0.8333152493777113,0.971486907334124,4.698580253755703,87.61043928206202,1025.6778686640953,30.897515857648457,31.376201153572207,17.18916169995403,1,wet
2026-01-01 13:40:00,austin_north,cam_164,img_164.jpg,0.9418425112160829,0.15461567631929085,0.497959278207055,0.38025028908981884,0.33535423708074885,6.328572618752457,83.19184566971614,1013.018197231862,27.366674730887475,36.1005715309552,6.180069705681513,1,wet
2026-01-01 13:45:00,austin_north,cam_165,img_165.jpg,0.9008022931948578,0.2235856489611403,0.1235967116876675,0.1368506413893521,0.9281009351668639,15.36703581102188,74.15634527890504,1028.1285841605704,-4.113862750311706,41.673702376666675,15.778729535552936,4,storm_risk
2026-01-01 13:50:00,austin_south,cam_166,img_166.jpg,0.9879810033359852,0.9952927877563654,0.1656746424287744,0.027288074767828685,0.6433223847906835,11.724400207816021,39.44814503974395,1019.8686099844359,3.693910480212713,31.752725154974183,15.82155289911805,0,safe
2026-01-01 13:55:00,austin_south,cam_167,img_167.jpg,0.3304002891866227,0.7760544101179087,0.7685495088495183,0.7103592130571882,0.2266545460261553,25.83079037299743,75.76332073008298,1036.4568057329543,16.12338324868502,22.284703038266247,7.485173822533302,1,wet
2026-01-01 14:00:00,austin_south,cam_168,img_168.jpg,0.10359953626819729,0.0701553207546951,0.6518109759183919,0.6436111234765185,0.3693948383897435,29.44730303264795,90.85755823797213,1025.5237075838302,6.425278729173488,8.468043564188187,7.809297594856793,1,wet
2026-01-01 14:05:00,austin_north,cam_169,img_169.jpg,0.8833007099561038,0.1690162003130864,0.7336575703124227,0.058159728641546504,0.22575325508424915,22.913942128444393,58.58339972505361,1035.8753588897257,10.555594632891276,18.736923605924748,17.675301756444036,0,safe
2026-01-01 14:10:00,austin_south,cam_170,img_170.jpg,0.6406049612893202,0.501327193832012,0.4471038314654371,0.04386076318013543,0.092134650557669,29.701180482353116,20.030574509954675,1022.6427820741777,28.15939894616738,20.279698424099717,19.201351558455354,0,safe
2026-01-01 14:15:00,san_marcos,cam_171,img_171.jpg,0.6553404319931212,0.11984112860237184,0.5785472500091139,0.6870193502390689,0.15615570260044287,5.538157711451575,72.21850029500224,1030.7247519955467,30.97334247227292,22.92314419086587,7.924824125895117,1,wet
2026-01-01 14:20:00,austin_south,cam_172,img_172.jpg,0.729610004822993,0.04651063711272685,0.20657811156478656,0.944843771440245,0.9198736384026148,27.129488215447807,26.563583078283788,1010.9902797449768,31.128931692986633,19.767780252869272,11.189834628107668,0,safe
2026-01-01 14:25:00,austin_north,cam_173,img_173.jpg,0.5650207989489632,0.3621168875727563,0.05646085388216404,0.05665224037450278,0.39637705258131206,29.532195283298716,43.99449570389888,1008.1472159749705,3.549738698468925,15.901170990789565,19.02945792939347,0,safe
2026-01-01 14:30:00,austin_north,cam_174,img_174.jpg,0.29921995726928896,0.6783210533324869,0.08544912027595264,0.8582428359687422,0.6686916318033423,5.193321448514444,57.26778927825337,1021.4092986438394,16.911340412368403,25.090948527358258,15.914401181175563,0,safe
2026-01-01 14:35:00,austin_north,cam_175,img_175.jpg,0.9050755416248095,0.14611649747377942,0.21914296354033302,0.7039953388790499,0.3050730308891413,8.593293417915367,58.850551648485336,1021.3604772276291,4.9340815790965,47.46778264037138,15.380575213286502,4,storm_risk
2026-01-01 14:40:00,san_marcos,cam_176,img_176.jpg,0.8209989317023182,0.1206373328713557,0.8742946238785284,0.08012993696961768,0.6156573920233963,16.184569707355585,83.24599214878265,1000.1427229251846,-4.125479164992762,13.265989510573617,10.891228695281242,3,icy
2026-01-01 14:45:00,austin_north,cam_177,img_177.jpg,0.8896647866359153,0.09090075767744177,0.6094265870585112,0.9221223489290099,0.989847987883113,2.1960895035370265,71.32791555341203,1006.541949694321,16.841892600488453,15.13557674680373,13.95900270545914,1,wet
2026-01-01 14:50:00,austin_north,cam_178,img_178.jpg,0.02746283534266747,0.7638364195952435,0.7245161684028579,0.09360725555207428,0.10371352815173052,8.426189483167391,82.74336173259167,1000.5609805823807,19.953053202984275,16.77932900369315,0.6092637036796632,1,wet
2026-01-01 14:55:00,san_marcos,cam_179,img_179.jpg,0.5868474901666798,0.315484909249228,0.8279708460006062,0.10173571609898702,0.8547385498432722,22.060894020475455,45.72968348664237,1005.3065963678345,10.32841276093757,18.053889343190843,11.541406415779658,0,safe
2026-01-01 15:00:00,austin_south,cam_180,img_180.jpg,0.7576522339046066,0.38518327245408357,0.9764694329433796,0.5358131444983881,0.18839889647841002,17.547008659407794,39.975201297121465,1009.7537018857041,32.19690137871376,16.903601927266394,13.73577438168051,0,safe
2026-01-01 15:05:00,san_marcos,cam_181,img_181.jpg,0.5691352758433501,0.35340014674469045,0.6801234292087724,0.7895393762074842,0.8562708167897135,11.769196445928957,95.36413042820315,1023.6167977508413,37.77758018386643,11.907625138140116,12.276602192763804,1,wet
2026-01-01 15:10:00,san_marcos,cam_182,img_182.jpg,0.028592026501832568,0.4913857532885392,0.37953705796863724,0.5377650368003604,0.3432308868543673,25.682456107063473,93.82351346563031,1019.0083557319251,20.071713179952035,47.71228436457816,11.445891029592463,4,storm_risk
2026-01-01 15:15:00,austin_north,cam_183,img_183.jpg,0.14727881917429952,0.040234818086074875,0.08554352486771433,0.5292425881665279,0.19234272886993165,2.35845007999566,47.51593344993587,1021.7381732119553,25.321739529662526,46.40284087883645,1.053056724308335,4,storm_risk
2026-01-01 15:20:00,austin_south,cam_184,img_184.jpg,0.6031497445366172,0.258046254318254,0.8661475483989951,0.8680905833447399,0.5214271761919247,28.579420287011757,96.7567388909647,1038.65974620655,28.706705009237112,48.02824927362156,10.937615395694253,4,storm_risk
2026-01-01 15:25:00,austin_south,cam_185,img_185.jpg,0.007583473453353307,0.7134906730894588,0.06842206199005163,0.9895344793714153,0.6227495104936103,8.922155139567716,96.61984640062526,1016.1232219400051,20.06157799984004,25.904403504491704,8.41539020872775,1,wet
2026-01-01 15:30:00,austin_north,cam_186,img_186.jpg,0.14571099402107812,0.161440868455361,0.2058407925435115,0.7393429041744093,0.5370994948622461,25.048102044603517,26.37034141822415,1037.5888684630463,24.0171174016361,25.114346646663126,8.962472192000497,0,safe
2026-01-01 15:35:00,austin_north,cam_187,img_187.jpg,0.22716454369668293,0.3988419466298191,0.6361681381158244,0.3493856060371757,0.9210211525113643,12.768506251060979,43.982284773852555,1037.5708862108793,33.11972577345151,35.44156761869349,18.221417115646325,0,safe
2026-01-01 15:40:00,austin_north,cam_188,img_188.jpg,0.5485709207736549,0.43077354734501005,0.894370980582995,0.769126805513472,0.3057815736077858,11.579648875181526,81.97692932592483,1030.5795011220307,34.04720287886012,21.057590311038492,11.525333698378175,1,wet
2026-01-01 15:45:00,austin_south,cam_189,img_189.jpg,0.8212909760801174,0.37449937724901494,0.307382138316311,0.9888436220457911,0.425545023622913,24.59760281081997,32.84978824086761,1028.0733107908109,17.972233793888723,33.524291542585736,11.515675030365164,0,safe
2026-01-01 15:50:00,austin_north,cam_190,img_190.jpg,0.20411542046533238,0.15193291891139293,0.275348428036424,0.5867142405937854,0.0216900207399493,23.87055045872988,85.91465937153015,1017.5614492006885,32.343451228311686,35.08040769218528,11.662536618063193,1,wet
2026-01-01 15:55:00,austin_north,cam_191,img_191.jpg,0.589098420536916,0.8323051234867389,0.0188401050095659,0.6035121844116509,0.5590061324604729,14.104275884771887,96.00179065937775,1008.855834208834,37.331519254165606,14.86808537749798,3.0406694985939198,1,wet
2026-01-01 16:00:00,austin_south,cam_192,img_192.jpg,0.9395231233100769,0.24641832207847392,0.2423214978512701,0.9585970736392677,0.19992143636350224,27.624115141746636,61.60044391704005,1002.1113906580966,1.6580273260561356,8.963692972130548,9.955004561477615,0,safe
2026-01-01 16:05:00,austin_south,cam_193,img_193.jpg,0.7074683283634908,0.19186157506260482,0.2685451147876383,0.6600954781162989,0.7827029111659148,20.44396350969177,80.04726920620755,1019.1202466881848,27.120084993447,20.213413430844835,3.255147906955233,1,wet
2026-01-01 16:10:00,austin_south,cam_194,img_194.jpg,0.9546930182260889,0.12499271746961116,0.7828848913591602,0.10892355287975974,0.08129959999842085,11.021534815149632,89.05429981764229,1023.6161171310674,31.51709585491097,40.740086158575174,18.47846014166278,4,storm_risk
2026-01-01 16:15:00,austin_south,cam_195,img_195.jpg,0.6495803145699122,0.7255809410372551,0.834215229060412,0.4232023058208956,0.6241988023840492,9.53828363803594,53.42025483949298,1027.766188048609,5.395194407172639,40.66988040838925,13.15808852298585,4,storm_risk
2026-01-01 16:20:00,austin_south,cam_196,img_196.jpg,0.11253949930606344,0.6649390593918625,0.2408959191652167,0.0026812583314379523,0.13661807649976299,28.83350336260699,26.58739623659273,1021.5095538789271,5.285225554721908,17.531482732349524,17.779003626335637,0,safe
2026-01-01 16:25:00,austin_south,cam_197,img_197.jpg,0.04642258025353918,0.8571645857843848,0.9734397215152398,0.6802756719760359,0.34764076833649493,5.640252231705047,98.5114802623081,1024.208301482433,16.52843425112533,44.601000648872066,9.996835520671894,4,storm_risk
2026-01-01 16:30:00,san_marcos,cam_198,img_198.jpg,0.03812956842997173,0.6824021549150172,0.3846419809117103,0.43621219546656487,0.29291023871090116,22.653319424236827,24.488884417104117,1021.9423399006259,14.649514014542437,10.435563160342575,13.631794384926568,0,safe
2026-01-01 16:35:00,austin_south,cam_199,img_199.jpg,0.528172798111991,0.8989376617905319,0.5125879950319969,0.07425551211727999,0.1752082106371161,27.918644857850147,33.26876496905503,1025.4144520811126,38.91252078475829,14.48889976100149,15.563356179757859,0,safe
2026-01-01 16:40:00,austin_north,cam_200,img_200.jpg,0.9885935955728121,0.0594791966785575,0.5406989767458721,0.8379240871074903,0.4615998870968373,6.737281813972262,79.39571056449617,1012.0384980866347,16.268730738698633,38.55302190421989,18.233179317902923,1,wet
2026-01-01 16:45:00,san_marcos,cam_201,img_201.jpg,0.6287519482395868,0.13205850674320718,0.3293831479321454,0.13947053383629793,0.5475023666476827,8.447130037915219,26.094009624368802,1036.1554001708867,9.27833904070885,28.09472656622944,14.521633166667382,0,safe
2026-01-01 16:50:00,austin_south,cam_202,img_202.jpg,0.3780513940841481,0.04829708628350404,0.7967145260893682,0.7716308523320222,0.12612100270634385,5.70290043904636,22.864263269982807,1030.7150250636266,37.867514979457916,18.259225154365943,14.109746610085574,0,safe
2026-01-01 16:55:00,austin_south,cam_203,img_203.jpg,0.8969954134335558,0.3733050331166551,0.7284583037625272,0.5858985597983355,0.7765546982127464,18.297187447935062,37.20124238273811,1030.1700775329186,2.784893986515061,39.69275085491038,8.236438894667732,0,safe
2026-01-01 17:00:00,austin_north,cam_204,img_204.jpg,0.7461903150505877,0.7143622230488214,0.6126353264533019,0.07529958698617345,0.17195532184246876,19.87790560123436,47.429065338809394,1035.6352752589264,7.705601065308025,3.1105545382189517,6.333319890477907,0,safe
2026-01-01 17:05:00,austin_south,cam_205,img_205.jpg,0.7582915035958541,0.7612618599035954,0.7318281608675485,0.0631879624754208,0.5206938721599388,29.58425594437474,56.79203875369623,1017.983014186886,18.055681865948515,28.412637322856703,15.901912498175468,0,safe
2026-01-01 17:10:00,austin_south,cam_206,img_206.jpg,0.256302430021652,0.9430222838266493,0.856308879971835,0.6428660843241557,0.4021605638049571,18.125336910254237,26.58676902967703,1013.9187597191609,-2.3029523214971164,26.709899856168207,12.047575394217162,0,safe
2026-01-01 17:15:00,austin_north,cam_207,img_207.jpg,0.3093281423378197,0.09138614404253931,0.7460480430187486,0.9657824129922479,0.4169012132877442,24.87536133706728,42.57787352162061,1003.787591611041,26.427040902950452,24.33573723287043,18.939355910288388,0,safe
2026-01-01 17:20:00,san_marcos,cam_208,img_208.jpg,0.880475566857925,0.09980156297952325,0.14832017346744197,0.36535161973174646,0.7578638489307463,20.877012664986502,78.04321265145134,1024.7610099261174,21.693241857806978,19.13474526568532,0.8788979024106323,1,wet
2026-01-01 17:25:00,austin_north,cam_209,img_209.jpg,0.5251655560303183,0.4767196857400636,0.2324552641862231,0.8563163121038463,0.417626265537546,9.618241471581882,86.21402522367663,1015.0826254268934,31.806640319812587,27.921391012423353,18.948882179849004,1,wet
2026-01-01 17:30:00,san_marcos,cam_210,img_210.jpg,0.422951905386066,0.6868874020997547,0.1940075506060155,0.4611489955361546,0.9903101778665379,9.731790804553329,27.696568523076426,1039.0864473363845,17.123818860815458,22.941596931020907,9.89266331484331,0,safe
2026-01-01 17:35:00,austin_south,cam_211,img_211.jpg,0.5556273893047392,0.8950916997840412,0.6973205180374771,0.41161037953049173,0.3631537216786682,14.187101283619906,28.237501754463253,1010.6318759355021,30.187198424468825,15.517096834060945,9.737641903394588,0,safe
2026-01-01 17:40:00,san_marcos,cam_212,img_212.jpg,0.1635868754241162,0.09021882906721801,0.10960994348878117,0.7638344724614989,0.2900620444438956,27.00765385132241,24.226842931942898,1010.163667685622,20.201898634808146,36.60156571078,7.58913675093765,0,safe
2026-01-01 17:45:00,san_marcos,cam_213,img_213.jpg,0.7466681646640692,0.41856009464552824,0.8568575964034265,0.6065037444077498,0.16046241433966535,1.3503061824558937,69.86493506880757,1023.1563651790714,1.7859308573628567,1.7569110085596307,14.987861820480312,0,safe
2026-01-01 17:50:00,san_marcos,cam_214,img_214.jpg,0.020627529377987286,0.6920501496519095,0.46819209224518155,0.42176461349018046,0.9721128825094433,23.589809050026535,86.857055267333,1030.847329031175,16.095060380759186,47.353222826794465,12.0394342019887,4,storm_risk
2026-01-01 17:55:00,austin_north,cam_215,img_215.jpg,0.3595257545152678,0.859039798691361,0.14352629500530512,0.972897669944675,0.3215140568249454,20.84764637871329,86.65302029686106,1010.3946434968703,18.503541161903115,33.321727626489064,14.15740168286994,1,wet
2026-01-01 18:00:00,austin_north,cam_216,img_216.jpg,0.8208537335889058,0.838745988193541,0.9592068340570976,0.7336456684622042,0.11971479910053351,4.6046811971618276,41.36898732081158,1003.670423361536,2.6675037209902177,30.150246028438684,7.223156301630349,0,safe
2026-01-01 18:05:00,austin_north,cam_217,img_217.jpg,0.25462830541260484,0.2602071808021702,0.19611640827795018,0.7008493864952856,0.06703427891470892,6.077840498230182,22.688644771218733,1019.5973490803865,20.447600779258284,24.43692607445518,9.357622942484188,0,safe
2026-01-01 18:10:00,austin_north,cam_218,img_218.jpg,0.8819376479941613,0.5507760956037866,0.2536285707523026,0.3493948711003152,0.10677496177865142,24.224751026956486,78.17164233205757,1006.3149973772975,33.50573282390405,9.321190227431009,5.538764460432834,1,wet
2026-01-01 18:15:00,austin_south,cam_219,img_219.jpg,0.36944586409448565,0.6780475617652323,0.8005448919824685,0.9002372350194241,0.7908028123454107,5.327000627369233,25.955122053709516,1025.328324373758,18.672984632281032,7.756721039106873,11.013585277197258,0,safe
2026-01-01 18:20:00,austin_south,cam_220,img_220.jpg,0.4953782522490294,0.2949840360858732,0.4216919159662139,0.9936495905740789,0.30519896418933046,22.456147094298103,23.991636659036004,1016.9969156966737,12.286719988020312,11.668199668237255,11.692556588285898,0,safe
2026-01-01 18:25:00,san_marcos,cam_221,img_221.jpg,0.4925826262137799,0.6382444351242227,0.7020343928677555,0.05140624155972706,0.392100985481182,20.65149148685406,25.13275231151163,1003.7050043988291,20.952740607554713,11.542323638830954,6.735269596555472,0,safe
2026-01-01 18:30:00,austin_south,cam_222,img_222.jpg,0.8577242208383054,0.03503903939443043,0.6646988435997884,0.2309402125519433,0.41474631072332513,26.22501717226893,93.14813896418408,1009.6697015138179,15.574739646251803,23.927890787077732,11.085561710507973,1,wet
2026-01-01 18:35:00,austin_north,cam_223,img_223.jpg,0.09001092077419526,0.3480090556213531,0.7430171754483129,0.7437717507097705,0.4464077235413355,20.674930403078065,48.80185760687047,1001.6303468629872,15.862194813829962,26.939236722955833,14.967617503840454,0,safe
2026-01-01 18:40:00,san_marcos,cam_224,img_224.jpg,0.9889217459520641,0.9308627958780746,0.4573794656617376,0.118200583611767,0.9119880659776054,19.477499742033803,48.07235699309986,1011.4170556527713,20.39486695582973,19.72555690585421,10.214814814673637,0,safe
2026-01-01 18:45:00,austin_south,cam_225,img_225.jpg,0.5664030651083477,0.5697827606756287,0.3900406499036895,0.9183589717609094,0.0892121696817263,29.7672851343363,96.5504247917527,1000.4193374479387,32.21816888707732,42.07219902705957,4.657132844553601,4,storm_risk
2026-01-01 18:50:00,san_marcos,cam_226,img_226.jpg,0.9392715725948654,0.08088771408140216,0.4070387065603859,0.9957618009557025,0.3394237938073943,28.77097769888759,38.0126023074898,1000.6737329275735,38.257851014013,44.168398067610326,4.338103451073055,4,storm_risk
2026-01-01 18:55:00,san_marcos,cam_227,img_227.jpg,0.3273149455195754,0.11885018309623585,0.2824404222402733,0.47539205431723386,0.7976400953206754,8.58882955914548,21.11188018558261,1008.2032525582646,32.87362055059165,45.685991685373786,18.80157782489629,4,storm_risk
2026-01-01 19:00:00,austin_north,cam_228,img_228.jpg,0.9340808924231843,0.8418939446961621,0.12569976955776407,0.852952762616995,0.29583476713143186,29.28390989632569,81.47009912840329,1004.5241610816691,36.41320804334739,18.78543044487983,11.592039663316005,1,wet
2026-01-01 19:05:00,austin_north,cam_229,img_229.jpg,0.4542976839652755,0.0947084216422922,0.7581382522812671,0.06576263800896665,0.76530221685134,1.4776666988626608,23.72323667904837,1036.5001111737056,23.410235902242555,19.76780473689701,0.10835133087001286,0,safe
2026-01-01 19:10:00,austin_north,cam_230,img_230.jpg,0.4691536034899132,0.11591081764150579,0.7453197449285635,0.32996174392472566,0.47498298623722646,18.238810261720374,44.667542726904976,1008.4479953146719,32.81029020595412,13.59207237602456,13.799570067472805,0,safe
2026-01-01 19:15:00,austin_south,cam_231,img_231.jpg,0.4726018526539607,0.9041270185837066,0.8033533472927283,0.7835687586975015,0.6181838566540464,21.74448970864667,88.78629953492651,1030.75025597554,-1.5434312429600912,47.42164641922373,10.945562159484325,4,storm_risk
2026-01-01 19:20:00,austin_south,cam_232,img_232.jpg,0.7279348855090388,0.3369015961992414,0.09402028940684903,0.6561294627098528,0.9628000784970876,6.147816212918932,55.241681176312255,1024.7643330691526,3.4480129665205403,43.583795069553474,12.737131925825857,4,storm_risk
2026-01-01 19:25:00,austin_north,cam_233,img_233.jpg,0.3021431959582026,0.7082758583238972,0.33590296725145463,0.8675299664789567,0.31186946976788543,11.05017440280977,58.577814132818574,1036.7086033442451,36.974475678050375,8.206723479952249,9.169812866454656,0,safe
2026-01-01 19:30:00,austin_south,cam_234,img_234.jpg,0.15089861549081762,0.8454294729304199,0.7792271143621603,0.9137340172286379,0.5139682062806433,12.767608079136872,29.41631250020002,1025.612785140864,30.06695584819049,11.76492203794654,13.105573504872481,0,safe
2026-01-01 19:35:00,austin_north,cam_235,img_235.jpg,0.8779945348119498,0.20775196785261274,0.5614838364371584,0.9908539440178981,0.7944223540175328,24.460736787353987,66.81613114154969,1010.468512965536,22.96723971187734,12.726665003464682,5.182315725609366,0,safe
2026-01-01 19:40:00,austin_north,cam_236,img_236.jpg,0.5909644121014431,0.1746848817510357,0.5669525084207131,0.8960219464329674,0.6233120409201168,25.53743123252896,85.23117041368178,1009.9061334170812,36.02031938248605,8.87217667686312,0.5164537634444412,1,wet
2026-01-01 19:45:00,austin_south,cam_237,img_237.jpg,0.2861799086946787,0.5160975667710378,0.837005747144003,0.8128707194051781,0.006018492146189658,9.192653999683236,31.975409291472616,1020.2473655475981,0.6056569518075277,9.183909669649076,16.942506675300884,0,safe
2026-01-01 19:50:00,san_marcos,cam_238,img_238.jpg,0.3800431986792935,0.5395526003232308,0.9964238362524336,0.1612016310686547,0.9767281783593871,4.181852309600362,37.35038424988478,1027.623346191241,2.7089979039941694,35.24291137676376,11.936379944410634,0,safe
2026-01-01 19:55:00,san_marcos,cam_239,img_239.jpg,0.6370301404547506,0.39462008315748076,0.625020866196334,0.639912794238882,0.6609561613971737,27.271507556363858,29.623835264695614,1018.9106772362819,-3.9842682192321135,38.4114438626224,4.01579181272734,0,safe
2026-01-01 20:00:00,austin_north,cam_240,img_240.jpg,0.9289052125716333,0.2900057795288026,0.591789625832443,0.43682180877260524,0.860718809112814,1.0387233764722914,21.51342451896525,1001.0615276142005,23.487976318087405,6.324017084200312,11.012549769103314,0,safe
2026-01-01 20:05:00,austin_south,cam_241,img_241.jpg,0.5374504493945659,0.3055905639980421,0.18568549203614482,0.4395575764274857,0.6555476797676757,17.20656506973478,43.72086309866202,1030.125275982221,7.651748940342289,5.651735344962133,19.121855816441975,0,safe
2026-01-01 20:10:00,san_marcos,cam_242,img_242.jpg,0.7370900550569615,0.6972588205962019,0.6525684666991871,0.8586914464900266,0.5539121687682194,12.652567715405608,54.42575159630685,1014.4712924941355,9.109123775875664,35.5147591178468,14.199164344767889,0,safe
2026-01-01 20:15:00,san_marcos,cam_243,img_243.jpg,0.6868774612842654,0.9694189364744681,0.6529145042040151,0.6255084231505978,0.06699576545093044,22.21547677637166,55.86547893885545,1020.9011650099592,10.064992410625553,30.404256337727382,17.974386948416473,0,safe
2026-01-01 20:20:00,austin_north,cam_244,img_244.jpg,0.5654749716575377,0.6717986062417133,0.5927147979453453,0.0748621487174762,0.6942550966764004,25.643389767497546,77.74568205588649,1017.8368872256999,0.2530423828491566,37.04118490830981,1.409913183384281,1,wet
2026-01-01 20:25:00,san_marcos,cam_245,img_245.jpg,0.26290663004321524,0.10345146863298915,0.7722931885880593,0.5329386040391566,0.10018659452411938,7.702248181418478,26.415454247970835,1000.1559190832578,13.995945710065993,38.79749096791624,17.818465559533053,0,safe
2026-01-01 20:30:00,austin_south,cam_246,img_246.jpg,0.22764453598163392,0.7084188329161095,0.14773457183209238,0.23733224158702726,0.007774702257316357,11.477195496513586,82.71143638616628,1014.8893890648594,8.568858566752521,12.192452050804532,12.054252273625817,1,wet
2026-01-01 20:35:00,san_marcos,cam_247,img_247.jpg,0.13523484276082887,0.5856546773336023,0.07956981833504695,0.32039056094483787,0.3450048128137835,4.8648233237288006,57.05246759021062,1005.9130612523186,-0.17413827657664704,38.46880149293233,1.717063883826333,0,safe
2026-01-01 20:40:00,austin_north,cam_248,img_248.jpg,0.6097400859431954,0.42858074660487944,0.7976713757619095,0.022558452620150993,0.13332731428540623,11.242192861049908,71.46835431394999,1014.9266869030553,26.910434415483383,26.755449266543213,15.10027491667897,1,wet
2026-01-01 20:45:00,san_marcos,cam_249,img_249.jpg,0.20223504565060857,0.7316080436523492,0.07006205364109341,0.3252812446793112,0.3902546931928905,23.03191196592488,32.943567317334164,1023.6358896341967,11.76193869261953,9.537270426150885,10.482449407283799,0,safe
2026-01-01 20:50:00,san_marcos,cam_250,img_250.jpg,0.2733928363405196,0.6400478649513321,0.3950351663781029,0.9906729322904126,0.14739784078527896,28.366575655323246,85.02316554629199,1018.2171046479194,24.97077492247,29.915023416309623,7.5799239620825025,1,wet
2026-01-01 20:55:00,san_marcos,cam_251,img_251.jpg,0.5472453415720275,0.8630243891582826,0.5923660874194747,0.48279350347475525,0.982503492873139,22.744154201754753,76.17545282622936,1013.4324295265066,3.1211602034140995,31.32043281575017,6.797892310905035,1,wet
2026-01-01 21:00:00,san_marcos,cam_252,img_252.jpg,0.9658731522489361,0.734836980055095,0.26298295026555585,0.1447258103320459,0.2560479406710051,27.192862149535564,68.29401593163496,1001.8144765196965,16.545947509922325,40.52295839746623,19.754142089671422,4,storm_risk
2026-01-01 21:05:00,san_marcos,cam_253,img_253.jpg,0.0061316018700097175,0.3619887310838533,0.8010667890245315,0.41182345563578227,0.556128889327479,24.289782816721022,96.06800338137657,1027.2292742704146,23.876254170753448,8.311017333585424,19.748601026733056,1,wet
2026-01-01 21:10:00,austin_north,cam_254,img_254.jpg,0.29509709294631614,0.5255976211581063,0.20264387572372466,0.8645378278692527,0.965431141178335,3.6895840655214074,81.00602568912754,1010.5819247279668,13.996918412293276,12.171366388864651,13.291740952650766,1,wet
2026-01-01 21:15:00,san_marcos,cam_255,img_255.jpg,0.8862961844717946,0.0751589433844485,0.9718899708700965,0.012617989637724314,0.5367765052241834,24.08544681935698,85.88399647786623,1020.0145360221603,10.839468144801057,43.59938164041508,7.206824950596843,4,storm_risk
2026-01-01 21:20:00,san_marcos,cam_256,img_256.jpg,0.6403652387878314,0.08078444605359003,0.4256653859187791,0.3133905236959865,0.6435149079148316,4.40220543639497,66.54242171732909,1012.8586203145729,37.021509507442744,39.95469429651534,4.955108440690933,0,safe
2026-01-01 21:25:00,san_marcos,cam_257,img_257.jpg,0.02950662134790505,0.8423175832335557,0.3180518754887308,0.29673381062115745,0.0948723381414377,16.32889303785789,70.03134207794747,1032.2414896744704,22.057022315211565,4.658834929517769,18.53524581299969,1,wet
2026-01-01 21:30:00,san_marcos,cam_258,img_258.jpg,0.36271565577115084,0.37884588653155604,0.7643196134707407,0.6882220547063438,0.027805577941124926,18.480298140706637,22.79225085572702,1016.2833867335293,8.802521476746497,4.938550174661466,12.02568258659031,0,safe
2026-01-01 21:35:00,san_marcos,cam_259,img_259.jpg,0.583841039676568,0.4517203211442933,0.39158573572403466,0.6384218991906173,0.5107378961400919,3.544971012751874,53.57634506001151,1023.2592047091284,25.863770439520778,26.123918344075854,18.34744367308954,0,safe
2026-01-01 21:40:00,austin_north,cam_260,img_260.jpg,0.022545716813907046,0.6535462913526289,0.6129348020682411,0.26336226926786566,0.5628635296349113,11.650626176560145,54.70876980980333,1028.806600524965,1.5606130387873893,34.159967066575824,3.4508428447362762,0,safe
2026-01-01 21:45:00,san_marcos,cam_261,img_261.jpg,0.9314283721655212,0.4203332056501201,0.296572838572576,0.6724330326916557,0.10785051873751184,26.485571779180592,33.6785022592495,1026.8500675523496,19.744692476982067,22.035968715426517,9.29197827292289,0,safe
2026-01-01 21:50:00,austin_north,cam_262,img_262.jpg,0.09099466739971374,0.8201048429546621,0.7888750427415568,0.7227719671598148,0.5564279944254921,0.16923942529459168,41.210611159445904,1034.7732937494116,19.81817732704602,45.118762239045616,18.243705416799358,4,storm_risk
2026-01-01 21:55:00,san_marcos,cam_263,img_263.jpg,0.6796762249258337,0.24528399801529954,0.002782934052615871,0.6781559174614034,0.5562412481994575,20.46718994875561,92.69271426191963,1009.4660780269743,23.21958156069124,22.909455166234917,2.3128983157599983,1,wet
2026-01-01 22:00:00,austin_south,cam_264,img_264.jpg,0.10835634669494443,0.9026533256606589,0.47642612992205446,0.2610386953341932,0.38279935290239653,10.250328708752654,42.30870604927246,1027.6233206390045,13.969094535431129,4.9150434265573475,11.271089558370079,0,safe
2026-01-01 22:05:00,austin_south,cam_265,img_265.jpg,0.3418649416992693,0.08413556990376092,0.8520758695562549,0.3618501296375495,0.9729142837194877,25.26019801536995,34.689086979728,1038.7956213469715,35.994282591532084,11.819053647146754,1.9061795118606268,0,safe
2026-01-01 22:10:00,austin_south,cam_266,img_266.jpg,0.836614696648391,0.408526960620179,0.999275028217009,0.9209501422127084,0.9227450408360148,8.326738774699114,91.63631014082961,1033.0663097800589,6.059366007596264,39.70755320808351,1.948147523162446,1,wet
2026-01-01 22:15:00,austin_south,cam_267,img_267.jpg,0.6762918337644299,0.10962298066740928,0.8269528465282985,0.5348132850002271,0.6289442251532409,22.37177941421077,42.74995320559722,1038.5859344960672,9.345181707814547,45.93030070022996,14.488299763535702,4,storm_risk
2026-01-01 22:20:00,san_marcos,cam_268,img_268.jpg,0.9589008614176984,0.5327775636701736,0.8075186211180688,0.3996015031472936,0.7915820037648512,8.878081356951483,73.18520911585031,1022.6335300043212,22.64423689658732,17.925726295659956,3.133789390343168,1,wet
2026-01-01 22:25:00,austin_south,cam_269,img_269.jpg,0.38454604223398925,0.7050766780237226,0.6829789632415436,0.4302784773122623,0.2662807577840933,16.420520462344317,96.77594964112971,1029.167050965502,6.566442634690912,42.44265096795472,13.697102261337315,4,storm_risk
2026-01-01 22:30:00,san_marcos,cam_270,img_270.jpg,0.646995720941379,0.6256772029277781,0.9610369224040684,0.2584819153042862,0.6382258554357141,18.269026272561383,71.1329076328199,1020.9314213707052,29.09751948003636,21.27648747016814,6.773141009817622,1,wet
2026-01-01 22:35:00,austin_south,cam_271,img_271.jpg,0.7785182811027068,0.08697471869739581,0.1707374135519073,0.13035323173862579,0.013962568960670607,3.3946997691289416,54.3151804434432,1010.8854505930159,22.037511884271243,43.461718889693365,5.5588682535018785,4,storm_risk
2026-01-01 22:40:00,austin_south,cam_272,img_272.jpg,0.5165043928615961,0.16721272980329593,0.8849604490258766,0.1858764165042388,0.6230460154925994,16.391177221155043,36.684704080450146,1008.0098131997532,0.033844812790312595,2.333959559784027,15.66310782847066,0,safe
2026-01-01 22:45:00,austin_north,cam_273,img_273.jpg,0.2616214438970085,0.5240663939808186,0.4926729614965042,0.41833374479876173,0.20247069411769436,29.57684153788553,43.806707590475604,1038.0072237049515,24.24161058940407,4.871316519855739,4.936136141358276,0,safe
2026-01-01 22:50:00,austin_north,cam_274,img_274.jpg,0.33282104686313163,0.7457339689403887,0.1587279572976853,0.7604589960072412,0.9198193803011082,14.115860310137924,31.529742880613743,1008.0586559254883,30.790416881887126,10.077745470947258,19.61346755397084,0,safe
2026-01-01 22:55:00,austin_north,cam_275,img_275.jpg,0.28623329901276107,0.7033656717735104,0.11022325281058876,0.18634050249356982,0.2666198778230725,3.4781569853417227,22.272855066091772,1001.2897453893681,21.44846203338092,34.73529142464037,7.709464069678102,0,safe
2026-01-01 23:00:00,austin_north,cam_276,img_276.jpg,0.27505213664121986,0.9944444860848036,0.5230247070623437,0.02184828712471043,0.17598923872803507,22.00197926072711,52.21071681388712,1014.5890520492945,29.80248465763964,29.217084326577876,14.068035811267647,0,safe
2026-01-01 23:05:00,austin_north,cam_277,img_277.jpg,0.9361964773197327,0.44013040493121913,0.4208267040297011,0.16841088064376641,0.5279303758801585,0.6302607718662245,50.826952198194995,1022.0432475212281,8.128129653042395,3.7310895907118002,3.7195290086187063,0,safe
2026-01-01 23:10:00,austin_north,cam_278,img_278.jpg,0.9786162518922384,0.18350673343616164,0.1893126561029299,0.053288973686542285,0.7269122716783238,18.790660819627945,45.975673960081814,1006.0899074473288,28.751753697407587,0.08909122063828212,5.800930497814053,0,safe
2026-01-01 23:15:00,austin_north,cam_279,img_279.jpg,0.12636691718116233,0.7228628478026529,0.05286166266413128,0.43234183877847576,0.023683283808335176,7.930055092121568,79.48126206608353,1017.8209392673998,10.586322416023838,28.088080375849767,19.77248896234549,1,wet
2026-01-01 23:20:00,austin_south,cam_280,img_280.jpg,0.9409681287287022,0.897045480445366,0.6729400291032176,0.4890172012772901,0.8030791182745963,28.873285292933275,69.47143718140394,1015.0549808355233,33.96625383177175,39.44445957460371,8.818062869086075,0,safe
2026-01-01 23:25:00,austin_north,cam_281,img_281.jpg,0.8961261561459573,0.9258240702459982,0.5359438831115326,0.8104134827844669,0.33248832179815635,24.25725837903986,89.62995677685876,1013.1252010610092,37.74126258843412,48.65788027855731,0.4344320492749798,4,storm_risk
2026-01-01 23:30:00,austin_south,cam_282,img_282.jpg,0.4232084534511271,0.3500123461122907,0.8522190691804981,0.10787786590140969,0.8219875791793888,7.323861512163474,95.32760745216027,1033.7318345409215,32.56490965959218,23.483371117342095,6.452411981566478,1,wet
2026-01-01 23:35:00,san_marcos,cam_283,img_283.jpg,0.1488391759626454,0.380281706224443,0.1661755498176256,0.6732867535270974,0.05165296883061821,29.340455309327886,86.60271699690756,1016.6543469392252,28.720793301939324,20.07156597575006,14.930022659471451,1,wet
2026-01-01 23:40:00,austin_north,cam_284,img_284.jpg,0.5657149798460048,0.10431650968811224,0.7949664293739471,0.3778484229636553,0.9659775394760967,8.906137835899619,71.63572046030936,1029.066448903637,16.507463059469284,19.02019331629653,5.450972469241244,1,wet
2026-01-01 23:45:00,san_marcos,cam_285,img_285.jpg,0.8635040623180028,0.42588041869514137,0.7677404462540729,0.5556918054701353,0.30369640949337895,22.450211450703385,60.35221183398796,1008.1367057960439,4.824881349054854,22.76688608777261,6.687676214204105,0,safe
2026-01-01 23:50:00,austin_north,cam_286,img_286.jpg,0.5150837427172149,0.2496037289181885,0.13643869446216472,0.6673390359425047,0.6139454294591752,6.953529931123273,37.22447191679578,1034.0910961329018,32.419291214386334,8.823057090796043,16.363173187845074,0,safe
2026-01-01 23:55:00,san_marcos,cam_287,img_287.jpg,0.2977101827241766,0.9845291253475971,0.1689025551135087,0.8330660203029258,0.7796296773380513,15.110123688806421,29.341099120785703,1022.1417235266604,10.14789212417346,8.579377675591203,1.135667368738091,0,safe
2026-01-02 00:00:00,san_marcos,cam_288,img_288.jpg,0.04194398845913527,0.8665879539560295,0.989663787364951,0.06626687654189822,0.500431387224773,15.227827029796108,89.97782424151329,1005.6158352559472,10.753608699627561,25.613673546355475,19.56790870477547,1,wet
2026-01-02 00:05:00,austin_south,cam_289,img_289.jpg,0.5670880887946319,0.9491991717557826,0.6655473576975851,0.7369666181287493,0.5778877713146227,3.2038312968080573,46.83739784103571,1020.1037655235004,17.694124722915603,43.74391830234511,15.464958024568116,4,storm_risk
2026-01-02 00:10:00,austin_north,cam_290,img_290.jpg,0.9165245002586538,0.6900214343916974,0.8743475598801368,0.7196622462702102,0.8472827138308315,16.387673392465377,47.14404805274767,1023.6998257869603,22.919164836881663,48.95326722064404,4.6616922022237635,4,storm_risk
2026-01-02 00:15:00,austin_south,cam_291,img_291.jpg,0.6273749812604322,0.6331296859664111,0.1686454655545504,0.7323024453936734,0.4824343985265822,7.847704425367596,37.48293398468397,1018.5043728582016,6.1289682580562985,41.94390508569073,14.173642114244457,4,storm_risk
2026-01-02 00:20:00,san_marcos,cam_292,img_292.jpg,0.7532036231772545,0.0536155489851915,0.5132736664033878,0.8256537230669863,0.20022049707133138,18.86524779550115,95.16978534336683,1039.3553223411452,6.876692019396346,16.60845853281841,13.991653002903375,1,wet
2026-01-02 00:25:00,austin_north,cam_293,img_293.jpg,0.19244885874983275,0.6214851249689124,0.7768949927002369,0.9621574574662352,0.35729150701569956,6.252416573712326,42.36200747930177,1037.4164124096949,22.150440154192825,21.28914440722201,7.557357472504016,0,safe
2026-01-02 00:30:00,san_marcos,cam_294,img_294.jpg,0.8440173856299801,0.5968586172623784,0.8872595002611309,0.5484835446380949,0.03705391361255461,16.894896425166166,30.53028676484697,1006.9262775744487,38.95724594046953,43.23479216079995,14.858647006492502,4,storm_risk
2026-01-02 00:35:00,san_marcos,cam_295,img_295.jpg,0.6465454295507489,0.5043255736267419,0.644964853672118,0.21850951165585786,0.9819435663961738,27.721433415430898,88.27927156878721,1008.2742942185783,2.9882841051185487,14.13770340901433,18.97522023454797,1,wet
2026-01-02 00:40:00,austin_south,cam_296,img_296.jpg,0.7189025977037176,0.8245824055113616,0.783895113218014,0.7121146829470907,0.40489449827393054,21.55337536363951,73.23691874135753,1003.7900733044956,34.272265067470194,35.648314827138336,11.168379839464569,1,wet
2026-01-02 00:45:00,austin_north,cam_297,img_297.jpg,0.7576659115504435,0.9885911559895654,0.12192162412260033,0.7194832196328702,0.37794499125547465,18.2157395572856,21.621055710688974,1026.4275663919311,14.591841394327492,11.892415922365151,17.57928049600662,0,safe
2026-01-02 00:50:00,austin_north,cam_298,img_298.jpg,0.8816016707507751,0.9435256326762996,0.8931475765176644,0.7934721080920799,0.0648483427579396,3.569146725830535,94.74179690998413,1026.296176062933,-2.13950780215191,39.390870795785986,0.8092128316463174,3,icy
2026-01-02 00:55:00,san_marcos,cam_299,img_299.jpg,0.586999410020714,0.6749045103744921,0.11230744007974247,0.8801553255277483,0.8036216101849606,16.704731504036495,23.197194819579998,1010.1459672353589,33.11452658318871,19.35392168119316,14.820155505328199,0,safe
